{"cameraMode":{"drawMode":0,"name":"Shaded","section":"Shading Mode"},"sceneLighting":false,"audioPlay":false,"sceneViewState":{"showFog":true,"showMaterialUpdate":false,"showSkybox":false,"showFlares":true,"showImageEffects":true,"showParticleSystems":true},"in2DMode":false,"pivot":{"x":1.1764917373657227,"y":1.4365382194519044,"z":-1.3312067985534669},"rotation":{"x":-0.051082953810691836,"y":0.9442269802093506,"z":-0.17651644349098206,"w":-0.2732544541358948},"size":12.326656341552735,"orthographic":false}