{"cameraMode":{"drawMode":0,"name":"Shaded","section":"Shading Mode"},"sceneLighting":false,"audioPlay":false,"sceneViewState":{"showFog":true,"showMaterialUpdate":false,"showSkybox":true,"showFlares":true,"showImageEffects":true,"showParticleSystems":true},"in2DMode":false,"pivot":{"x":0.6760038137435913,"y":-1.800544261932373,"z":-0.5723648071289063},"rotation":{"x":-0.18512749671936036,"y":-0.03331023454666138,"z":0.006278743036091328,"w":-0.9821298122406006},"size":8.874526023864746,"orthographic":false}